Session名称,论文数量,可用PDF数,论文ID列表
"TUKA - Welcome & MEDSI 25th Anniversary Keynote",1,0,"TUKA01"
"TUKB - Keynote Session 2",3,0,"TUKB01; TUKB02; TUKB03"
"TUOA - Beamlines Session 1",5,4,"TUOA01; TUOA02; TUOA03; TUOA04; TUOA05"
"TUOB - Beamlines Session 2",5,4,"TUOB01; TUOB02; TUOB03; TUOB04; TUOB05"
"TUP - Poster Session 1",52,24,"TUP01; TUP02; TUP03; TUP06; TUP07; TUP08; TUP09; TUP10; TUP11; TUP15; TUP16; TUP17; TUP18; TUP20; TUP21; TUP22; TUP23; TUP24; TUP25; TUP26; TUP27; TUP28; TUP30; TUP33; TUP34; TUP39; TUP40; TUP41; TUP42; TUP43; TUP46; TUP47; TUP48; TUP53; TUP54; TUP55; TUP56; TUP57; TUP58; TUP59; TUP60; TUP61; TUP62; TUP63; TUP64; TUP65; TUP66; TUP67; TUP68; TUP69; TUP70; TUP71"
"WEOA - Beamlines Session 3",2,2,"WEOA01; WEOA02"
"WEOB - Accelerators Session 1",5,4,"WEOB01; WEOB02; WEOB03; WEOB04; WEOB05"
"WEOC - Accelerators Session 2",5,4,"WEOC01; WEOC02; WEOC03; WEOC04; WEOC05"
"WEP - Poster Session 2",50,29,"WEP01; WEP02; WEP04; WEP05; WEP06; WEP08; WEP10; WEP11; WEP12; WEP13; WEP14; WEP15; WEP16; WEP17; WEP18; WEP23; WEP24; WEP25; WEP26; WEP29; WEP30; WEP31; WEP32; WEP36; WEP37; WEP41; WEP42; WEP45; WEP46; WEP47; WEP48; WEP49; WEP50; WEP51; WEP52; WEP53; WEP54; WEP55; WEP56; WEP57; WEP58; WEP62; WEP63; WEP64; WEP65; WEP66; WEP69; WEP70; WEP71; WEP72"
